,im_path,im_quality
0,/Users/jinglin/Documents/spiced_projects/dr-cloud-mnt/data/deepdr/regular_fundus_images/regular-fundus-validation/Images/265/265_l1.jpg,0
1,/Users/jinglin/Documents/spiced_projects/dr-cloud-mnt/data/deepdr/regular_fundus_images/regular-fundus-validation/Images/265/265_l2.jpg,0
2,/Users/jinglin/Documents/spiced_projects/dr-cloud-mnt/data/deepdr/regular_fundus_images/regular-fundus-validation/Images/265/265_r1.jpg,1
3,/Users/jinglin/Documents/spiced_projects/dr-cloud-mnt/data/deepdr/regular_fundus_images/regular-fundus-validation/Images/265/265_r2.jpg,1
4,/Users/jinglin/Documents/spiced_projects/dr-cloud-mnt/data/deepdr/regular_fundus_images/regular-fundus-validation/Images/267/267_l1.jpg,1
5,/Users/jinglin/Documents/spiced_projects/dr-cloud-mnt/data/deepdr/regular_fundus_images/regular-fundus-validation/Images/267/267_l2.jpg,1
6,/Users/jinglin/Documents/spiced_projects/dr-cloud-mnt/data/deepdr/regular_fundus_images/regular-fundus-validation/Images/267/267_r1.jpg,1
7,/Users/jinglin/Documents/spiced_projects/dr-cloud-mnt/data/deepdr/regular_fundus_images/regular-fundus-validation/Images/267/267_r2.jpg,1
8,/Users/jinglin/Documents/spiced_projects/dr-cloud-mnt/data/deepdr/regular_fundus_images/regular-fundus-validation/Images/277/277_l1.jpg,1
9,/Users/jinglin/Documents/spiced_projects/dr-cloud-mnt/data/deepdr/regular_fundus_images/regular-fundus-validation/Images/277/277_l2.jpg,1
10,/Users/jinglin/Documents/spiced_projects/dr-cloud-mnt/data/deepdr/regular_fundus_images/regular-fundus-validation/Images/277/277_r1.jpg,1
11,/Users/jinglin/Documents/spiced_projects/dr-cloud-mnt/data/deepdr/regular_fundus_images/regular-fundus-validation/Images/277/277_r2.jpg,1
12,/Users/jinglin/Documents/spiced_projects/dr-cloud-mnt/data/deepdr/regular_fundus_images/regular-fundus-validation/Images/294/294_l1.jpg,0
13,/Users/jinglin/Documents/spiced_projects/dr-cloud-mnt/data/deepdr/regular_fundus_images/regular-fundus-validation/Images/294/294_l2.jpg,0
14,/Users/jinglin/Documents/spiced_projects/dr-cloud-mnt/data/deepdr/regular_fundus_images/regular-fundus-validation/Images/294/294_r1.jpg,1
15,/Users/jinglin/Documents/spiced_projects/dr-cloud-mnt/data/deepdr/regular_fundus_images/regular-fundus-validation/Images/294/294_r2.jpg,1
16,/Users/jinglin/Documents/spiced_projects/dr-cloud-mnt/data/deepdr/regular_fundus_images/regular-fundus-validation/Images/296/296_l1.jpg,1
17,/Users/jinglin/Documents/spiced_projects/dr-cloud-mnt/data/deepdr/regular_fundus_images/regular-fundus-validation/Images/296/296_l2.jpg,1
18,/Users/jinglin/Documents/spiced_projects/dr-cloud-mnt/data/deepdr/regular_fundus_images/regular-fundus-validation/Images/296/296_r1.jpg,0
19,/Users/jinglin/Documents/spiced_projects/dr-cloud-mnt/data/deepdr/regular_fundus_images/regular-fundus-validation/Images/296/296_r2.jpg,0
20,/Users/jinglin/Documents/spiced_projects/dr-cloud-mnt/data/deepdr/regular_fundus_images/regular-fundus-validation/Images/298/298_l1.jpg,1
21,/Users/jinglin/Documents/spiced_projects/dr-cloud-mnt/data/deepdr/regular_fundus_images/regular-fundus-validation/Images/298/298_l2.jpg,1
22,/Users/jinglin/Documents/spiced_projects/dr-cloud-mnt/data/deepdr/regular_fundus_images/regular-fundus-validation/Images/298/298_r1.jpg,0
23,/Users/jinglin/Documents/spiced_projects/dr-cloud-mnt/data/deepdr/regular_fundus_images/regular-fundus-validation/Images/298/298_r2.jpg,0
24,/Users/jinglin/Documents/spiced_projects/dr-cloud-mnt/data/deepdr/regular_fundus_images/regular-fundus-validation/Images/299/299_l1.jpg,1
25,/Users/jinglin/Documents/spiced_projects/dr-cloud-mnt/data/deepdr/regular_fundus_images/regular-fundus-validation/Images/299/299_l2.jpg,1
26,/Users/jinglin/Documents/spiced_projects/dr-cloud-mnt/data/deepdr/regular_fundus_images/regular-fundus-validation/Images/299/299_r1.jpg,0
27,/Users/jinglin/Documents/spiced_projects/dr-cloud-mnt/data/deepdr/regular_fundus_images/regular-fundus-validation/Images/299/299_r2.jpg,0
28,/Users/jinglin/Documents/spiced_projects/dr-cloud-mnt/data/deepdr/regular_fundus_images/regular-fundus-validation/Images/300/300_l1.jpg,0
29,/Users/jinglin/Documents/spiced_projects/dr-cloud-mnt/data/deepdr/regular_fundus_images/regular-fundus-validation/Images/300/300_l2.jpg,0
30,/Users/jinglin/Documents/spiced_projects/dr-cloud-mnt/data/deepdr/regular_fundus_images/regular-fundus-validation/Images/300/300_r1.jpg,0
31,/Users/jinglin/Documents/spiced_projects/dr-cloud-mnt/data/deepdr/regular_fundus_images/regular-fundus-validation/Images/300/300_r2.jpg,0
32,/Users/jinglin/Documents/spiced_projects/dr-cloud-mnt/data/deepdr/regular_fundus_images/regular-fundus-validation/Images/301/301_l1.jpg,0
33,/Users/jinglin/Documents/spiced_projects/dr-cloud-mnt/data/deepdr/regular_fundus_images/regular-fundus-validation/Images/301/301_l2.jpg,0
34,/Users/jinglin/Documents/spiced_projects/dr-cloud-mnt/data/deepdr/regular_fundus_images/regular-fundus-validation/Images/301/301_r1.jpg,0
35,/Users/jinglin/Documents/spiced_projects/dr-cloud-mnt/data/deepdr/regular_fundus_images/regular-fundus-validation/Images/301/301_r2.jpg,0
36,/Users/jinglin/Documents/spiced_projects/dr-cloud-mnt/data/deepdr/regular_fundus_images/regular-fundus-validation/Images/303/303_l1.jpg,1
37,/Users/jinglin/Documents/spiced_projects/dr-cloud-mnt/data/deepdr/regular_fundus_images/regular-fundus-validation/Images/303/303_l2.jpg,1
38,/Users/jinglin/Documents/spiced_projects/dr-cloud-mnt/data/deepdr/regular_fundus_images/regular-fundus-validation/Images/303/303_r1.jpg,0
39,/Users/jinglin/Documents/spiced_projects/dr-cloud-mnt/data/deepdr/regular_fundus_images/regular-fundus-validation/Images/303/303_r2.jpg,0
40,/Users/jinglin/Documents/spiced_projects/dr-cloud-mnt/data/deepdr/regular_fundus_images/regular-fundus-validation/Images/304/304_l1.jpg,0
41,/Users/jinglin/Documents/spiced_projects/dr-cloud-mnt/data/deepdr/regular_fundus_images/regular-fundus-validation/Images/304/304_l2.jpg,0
42,/Users/jinglin/Documents/spiced_projects/dr-cloud-mnt/data/deepdr/regular_fundus_images/regular-fundus-validation/Images/304/304_r1.jpg,0
43,/Users/jinglin/Documents/spiced_projects/dr-cloud-mnt/data/deepdr/regular_fundus_images/regular-fundus-validation/Images/304/304_r2.jpg,0
44,/Users/jinglin/Documents/spiced_projects/dr-cloud-mnt/data/deepdr/regular_fundus_images/regular-fundus-validation/Images/305/305_l1.jpg,0
45,/Users/jinglin/Documents/spiced_projects/dr-cloud-mnt/data/deepdr/regular_fundus_images/regular-fundus-validation/Images/305/305_l2.jpg,0
46,/Users/jinglin/Documents/spiced_projects/dr-cloud-mnt/data/deepdr/regular_fundus_images/regular-fundus-validation/Images/305/305_r1.jpg,0
47,/Users/jinglin/Documents/spiced_projects/dr-cloud-mnt/data/deepdr/regular_fundus_images/regular-fundus-validation/Images/305/305_r2.jpg,0
48,/Users/jinglin/Documents/spiced_projects/dr-cloud-mnt/data/deepdr/regular_fundus_images/regular-fundus-validation/Images/306/306_l1.jpg,0
49,/Users/jinglin/Documents/spiced_projects/dr-cloud-mnt/data/deepdr/regular_fundus_images/regular-fundus-validation/Images/306/306_l2.jpg,0
50,/Users/jinglin/Documents/spiced_projects/dr-cloud-mnt/data/deepdr/regular_fundus_images/regular-fundus-validation/Images/306/306_r1.jpg,0
51,/Users/jinglin/Documents/spiced_projects/dr-cloud-mnt/data/deepdr/regular_fundus_images/regular-fundus-validation/Images/306/306_r2.jpg,0
52,/Users/jinglin/Documents/spiced_projects/dr-cloud-mnt/data/deepdr/regular_fundus_images/regular-fundus-validation/Images/307/307_l1.jpg,1
53,/Users/jinglin/Documents/spiced_projects/dr-cloud-mnt/data/deepdr/regular_fundus_images/regular-fundus-validation/Images/307/307_l2.jpg,1
54,/Users/jinglin/Documents/spiced_projects/dr-cloud-mnt/data/deepdr/regular_fundus_images/regular-fundus-validation/Images/307/307_r1.jpg,0
55,/Users/jinglin/Documents/spiced_projects/dr-cloud-mnt/data/deepdr/regular_fundus_images/regular-fundus-validation/Images/307/307_r2.jpg,0
56,/Users/jinglin/Documents/spiced_projects/dr-cloud-mnt/data/deepdr/regular_fundus_images/regular-fundus-validation/Images/309/309_l1.jpg,0
57,/Users/jinglin/Documents/spiced_projects/dr-cloud-mnt/data/deepdr/regular_fundus_images/regular-fundus-validation/Images/309/309_l2.jpg,0
58,/Users/jinglin/Documents/spiced_projects/dr-cloud-mnt/data/deepdr/regular_fundus_images/regular-fundus-validation/Images/309/309_r1.jpg,1
59,/Users/jinglin/Documents/spiced_projects/dr-cloud-mnt/data/deepdr/regular_fundus_images/regular-fundus-validation/Images/309/309_r2.jpg,1
60,/Users/jinglin/Documents/spiced_projects/dr-cloud-mnt/data/deepdr/regular_fundus_images/regular-fundus-validation/Images/310/310_l1.jpg,0
61,/Users/jinglin/Documents/spiced_projects/dr-cloud-mnt/data/deepdr/regular_fundus_images/regular-fundus-validation/Images/310/310_l2.jpg,0
62,/Users/jinglin/Documents/spiced_projects/dr-cloud-mnt/data/deepdr/regular_fundus_images/regular-fundus-validation/Images/310/310_r1.jpg,1
63,/Users/jinglin/Documents/spiced_projects/dr-cloud-mnt/data/deepdr/regular_fundus_images/regular-fundus-validation/Images/310/310_r2.jpg,1
64,/Users/jinglin/Documents/spiced_projects/dr-cloud-mnt/data/deepdr/regular_fundus_images/regular-fundus-validation/Images/311/311_l1.jpg,0
65,/Users/jinglin/Documents/spiced_projects/dr-cloud-mnt/data/deepdr/regular_fundus_images/regular-fundus-validation/Images/311/311_l2.jpg,0
66,/Users/jinglin/Documents/spiced_projects/dr-cloud-mnt/data/deepdr/regular_fundus_images/regular-fundus-validation/Images/311/311_r1.jpg,0
67,/Users/jinglin/Documents/spiced_projects/dr-cloud-mnt/data/deepdr/regular_fundus_images/regular-fundus-validation/Images/311/311_r2.jpg,0
68,/Users/jinglin/Documents/spiced_projects/dr-cloud-mnt/data/deepdr/regular_fundus_images/regular-fundus-validation/Images/314/314_l1.jpg,0
69,/Users/jinglin/Documents/spiced_projects/dr-cloud-mnt/data/deepdr/regular_fundus_images/regular-fundus-validation/Images/314/314_l2.jpg,0
70,/Users/jinglin/Documents/spiced_projects/dr-cloud-mnt/data/deepdr/regular_fundus_images/regular-fundus-validation/Images/314/314_r1.jpg,0
71,/Users/jinglin/Documents/spiced_projects/dr-cloud-mnt/data/deepdr/regular_fundus_images/regular-fundus-validation/Images/314/314_r2.jpg,0
72,/Users/jinglin/Documents/spiced_projects/dr-cloud-mnt/data/deepdr/regular_fundus_images/regular-fundus-validation/Images/315/315_l1.jpg,1
73,/Users/jinglin/Documents/spiced_projects/dr-cloud-mnt/data/deepdr/regular_fundus_images/regular-fundus-validation/Images/315/315_l2.jpg,1
74,/Users/jinglin/Documents/spiced_projects/dr-cloud-mnt/data/deepdr/regular_fundus_images/regular-fundus-validation/Images/315/315_r1.jpg,0
75,/Users/jinglin/Documents/spiced_projects/dr-cloud-mnt/data/deepdr/regular_fundus_images/regular-fundus-validation/Images/315/315_r2.jpg,0
76,/Users/jinglin/Documents/spiced_projects/dr-cloud-mnt/data/deepdr/regular_fundus_images/regular-fundus-validation/Images/316/316_l1.jpg,0
77,/Users/jinglin/Documents/spiced_projects/dr-cloud-mnt/data/deepdr/regular_fundus_images/regular-fundus-validation/Images/316/316_l2.jpg,0
78,/Users/jinglin/Documents/spiced_projects/dr-cloud-mnt/data/deepdr/regular_fundus_images/regular-fundus-validation/Images/316/316_r1.jpg,0
79,/Users/jinglin/Documents/spiced_projects/dr-cloud-mnt/data/deepdr/regular_fundus_images/regular-fundus-validation/Images/316/316_r2.jpg,0
80,/Users/jinglin/Documents/spiced_projects/dr-cloud-mnt/data/deepdr/regular_fundus_images/regular-fundus-validation/Images/317/317_l1.jpg,1
81,/Users/jinglin/Documents/spiced_projects/dr-cloud-mnt/data/deepdr/regular_fundus_images/regular-fundus-validation/Images/317/317_l2.jpg,1
82,/Users/jinglin/Documents/spiced_projects/dr-cloud-mnt/data/deepdr/regular_fundus_images/regular-fundus-validation/Images/317/317_r1.jpg,0
83,/Users/jinglin/Documents/spiced_projects/dr-cloud-mnt/data/deepdr/regular_fundus_images/regular-fundus-validation/Images/317/317_r2.jpg,0
84,/Users/jinglin/Documents/spiced_projects/dr-cloud-mnt/data/deepdr/regular_fundus_images/regular-fundus-validation/Images/318/318_l1.jpg,1
85,/Users/jinglin/Documents/spiced_projects/dr-cloud-mnt/data/deepdr/regular_fundus_images/regular-fundus-validation/Images/318/318_l2.jpg,1
86,/Users/jinglin/Documents/spiced_projects/dr-cloud-mnt/data/deepdr/regular_fundus_images/regular-fundus-validation/Images/318/318_r1.jpg,1
87,/Users/jinglin/Documents/spiced_projects/dr-cloud-mnt/data/deepdr/regular_fundus_images/regular-fundus-validation/Images/318/318_r2.jpg,1
88,/Users/jinglin/Documents/spiced_projects/dr-cloud-mnt/data/deepdr/regular_fundus_images/regular-fundus-validation/Images/319/319_l1.jpg,0
89,/Users/jinglin/Documents/spiced_projects/dr-cloud-mnt/data/deepdr/regular_fundus_images/regular-fundus-validation/Images/319/319_l2.jpg,0
90,/Users/jinglin/Documents/spiced_projects/dr-cloud-mnt/data/deepdr/regular_fundus_images/regular-fundus-validation/Images/319/319_r1.jpg,0
91,/Users/jinglin/Documents/spiced_projects/dr-cloud-mnt/data/deepdr/regular_fundus_images/regular-fundus-validation/Images/319/319_r2.jpg,0
92,/Users/jinglin/Documents/spiced_projects/dr-cloud-mnt/data/deepdr/regular_fundus_images/regular-fundus-validation/Images/320/320_l1.jpg,0
93,/Users/jinglin/Documents/spiced_projects/dr-cloud-mnt/data/deepdr/regular_fundus_images/regular-fundus-validation/Images/320/320_l2.jpg,0
94,/Users/jinglin/Documents/spiced_projects/dr-cloud-mnt/data/deepdr/regular_fundus_images/regular-fundus-validation/Images/320/320_r1.jpg,0
95,/Users/jinglin/Documents/spiced_projects/dr-cloud-mnt/data/deepdr/regular_fundus_images/regular-fundus-validation/Images/320/320_r2.jpg,0
96,/Users/jinglin/Documents/spiced_projects/dr-cloud-mnt/data/deepdr/regular_fundus_images/regular-fundus-validation/Images/321/321_l1.jpg,1
97,/Users/jinglin/Documents/spiced_projects/dr-cloud-mnt/data/deepdr/regular_fundus_images/regular-fundus-validation/Images/321/321_l2.jpg,1
98,/Users/jinglin/Documents/spiced_projects/dr-cloud-mnt/data/deepdr/regular_fundus_images/regular-fundus-validation/Images/321/321_r1.jpg,1
99,/Users/jinglin/Documents/spiced_projects/dr-cloud-mnt/data/deepdr/regular_fundus_images/regular-fundus-validation/Images/321/321_r2.jpg,1
100,/Users/jinglin/Documents/spiced_projects/dr-cloud-mnt/data/deepdr/regular_fundus_images/regular-fundus-validation/Images/322/322_l1.jpg,0
101,/Users/jinglin/Documents/spiced_projects/dr-cloud-mnt/data/deepdr/regular_fundus_images/regular-fundus-validation/Images/322/322_l2.jpg,0
102,/Users/jinglin/Documents/spiced_projects/dr-cloud-mnt/data/deepdr/regular_fundus_images/regular-fundus-validation/Images/322/322_r1.jpg,0
103,/Users/jinglin/Documents/spiced_projects/dr-cloud-mnt/data/deepdr/regular_fundus_images/regular-fundus-validation/Images/322/322_r2.jpg,0
104,/Users/jinglin/Documents/spiced_projects/dr-cloud-mnt/data/deepdr/regular_fundus_images/regular-fundus-validation/Images/323/323_l1.jpg,1
105,/Users/jinglin/Documents/spiced_projects/dr-cloud-mnt/data/deepdr/regular_fundus_images/regular-fundus-validation/Images/323/323_l2.jpg,1
106,/Users/jinglin/Documents/spiced_projects/dr-cloud-mnt/data/deepdr/regular_fundus_images/regular-fundus-validation/Images/323/323_r1.jpg,1
107,/Users/jinglin/Documents/spiced_projects/dr-cloud-mnt/data/deepdr/regular_fundus_images/regular-fundus-validation/Images/323/323_r2.jpg,1
108,/Users/jinglin/Documents/spiced_projects/dr-cloud-mnt/data/deepdr/regular_fundus_images/regular-fundus-validation/Images/325/325_l1.jpg,1
109,/Users/jinglin/Documents/spiced_projects/dr-cloud-mnt/data/deepdr/regular_fundus_images/regular-fundus-validation/Images/325/325_l2.jpg,1
110,/Users/jinglin/Documents/spiced_projects/dr-cloud-mnt/data/deepdr/regular_fundus_images/regular-fundus-validation/Images/325/325_r1.jpg,0
111,/Users/jinglin/Documents/spiced_projects/dr-cloud-mnt/data/deepdr/regular_fundus_images/regular-fundus-validation/Images/325/325_r2.jpg,0
112,/Users/jinglin/Documents/spiced_projects/dr-cloud-mnt/data/deepdr/regular_fundus_images/regular-fundus-validation/Images/326/326_l1.jpg,0
113,/Users/jinglin/Documents/spiced_projects/dr-cloud-mnt/data/deepdr/regular_fundus_images/regular-fundus-validation/Images/326/326_l2.jpg,0
114,/Users/jinglin/Documents/spiced_projects/dr-cloud-mnt/data/deepdr/regular_fundus_images/regular-fundus-validation/Images/326/326_r1.jpg,0
115,/Users/jinglin/Documents/spiced_projects/dr-cloud-mnt/data/deepdr/regular_fundus_images/regular-fundus-validation/Images/326/326_r2.jpg,0
116,/Users/jinglin/Documents/spiced_projects/dr-cloud-mnt/data/deepdr/regular_fundus_images/regular-fundus-validation/Images/328/328_l1.jpg,0
117,/Users/jinglin/Documents/spiced_projects/dr-cloud-mnt/data/deepdr/regular_fundus_images/regular-fundus-validation/Images/328/328_l2.jpg,0
118,/Users/jinglin/Documents/spiced_projects/dr-cloud-mnt/data/deepdr/regular_fundus_images/regular-fundus-validation/Images/328/328_r1.jpg,0
119,/Users/jinglin/Documents/spiced_projects/dr-cloud-mnt/data/deepdr/regular_fundus_images/regular-fundus-validation/Images/328/328_r2.jpg,0
120,/Users/jinglin/Documents/spiced_projects/dr-cloud-mnt/data/deepdr/regular_fundus_images/regular-fundus-validation/Images/331/331_l1.jpg,1
121,/Users/jinglin/Documents/spiced_projects/dr-cloud-mnt/data/deepdr/regular_fundus_images/regular-fundus-validation/Images/331/331_l2.jpg,1
122,/Users/jinglin/Documents/spiced_projects/dr-cloud-mnt/data/deepdr/regular_fundus_images/regular-fundus-validation/Images/331/331_r1.jpg,1
123,/Users/jinglin/Documents/spiced_projects/dr-cloud-mnt/data/deepdr/regular_fundus_images/regular-fundus-validation/Images/331/331_r2.jpg,1
124,/Users/jinglin/Documents/spiced_projects/dr-cloud-mnt/data/deepdr/regular_fundus_images/regular-fundus-validation/Images/332/332_l1.jpg,1
125,/Users/jinglin/Documents/spiced_projects/dr-cloud-mnt/data/deepdr/regular_fundus_images/regular-fundus-validation/Images/332/332_l2.jpg,1
126,/Users/jinglin/Documents/spiced_projects/dr-cloud-mnt/data/deepdr/regular_fundus_images/regular-fundus-validation/Images/332/332_r1.jpg,0
127,/Users/jinglin/Documents/spiced_projects/dr-cloud-mnt/data/deepdr/regular_fundus_images/regular-fundus-validation/Images/332/332_r2.jpg,0
128,/Users/jinglin/Documents/spiced_projects/dr-cloud-mnt/data/deepdr/regular_fundus_images/regular-fundus-validation/Images/333/333_l1.jpg,0
129,/Users/jinglin/Documents/spiced_projects/dr-cloud-mnt/data/deepdr/regular_fundus_images/regular-fundus-validation/Images/333/333_l2.jpg,0
130,/Users/jinglin/Documents/spiced_projects/dr-cloud-mnt/data/deepdr/regular_fundus_images/regular-fundus-validation/Images/333/333_r1.jpg,1
131,/Users/jinglin/Documents/spiced_projects/dr-cloud-mnt/data/deepdr/regular_fundus_images/regular-fundus-validation/Images/333/333_r2.jpg,1
132,/Users/jinglin/Documents/spiced_projects/dr-cloud-mnt/data/deepdr/regular_fundus_images/regular-fundus-validation/Images/334/334_l1.jpg,0
133,/Users/jinglin/Documents/spiced_projects/dr-cloud-mnt/data/deepdr/regular_fundus_images/regular-fundus-validation/Images/334/334_l2.jpg,0
134,/Users/jinglin/Documents/spiced_projects/dr-cloud-mnt/data/deepdr/regular_fundus_images/regular-fundus-validation/Images/334/334_r1.jpg,0
135,/Users/jinglin/Documents/spiced_projects/dr-cloud-mnt/data/deepdr/regular_fundus_images/regular-fundus-validation/Images/334/334_r2.jpg,0
136,/Users/jinglin/Documents/spiced_projects/dr-cloud-mnt/data/deepdr/regular_fundus_images/regular-fundus-validation/Images/335/335_l1.jpg,0
137,/Users/jinglin/Documents/spiced_projects/dr-cloud-mnt/data/deepdr/regular_fundus_images/regular-fundus-validation/Images/335/335_l2.jpg,0
138,/Users/jinglin/Documents/spiced_projects/dr-cloud-mnt/data/deepdr/regular_fundus_images/regular-fundus-validation/Images/335/335_r1.jpg,0
139,/Users/jinglin/Documents/spiced_projects/dr-cloud-mnt/data/deepdr/regular_fundus_images/regular-fundus-validation/Images/335/335_r2.jpg,0
140,/Users/jinglin/Documents/spiced_projects/dr-cloud-mnt/data/deepdr/regular_fundus_images/regular-fundus-validation/Images/336/336_l1.jpg,1
141,/Users/jinglin/Documents/spiced_projects/dr-cloud-mnt/data/deepdr/regular_fundus_images/regular-fundus-validation/Images/336/336_l2.jpg,1
142,/Users/jinglin/Documents/spiced_projects/dr-cloud-mnt/data/deepdr/regular_fundus_images/regular-fundus-validation/Images/336/336_r1.jpg,0
143,/Users/jinglin/Documents/spiced_projects/dr-cloud-mnt/data/deepdr/regular_fundus_images/regular-fundus-validation/Images/336/336_r2.jpg,0
144,/Users/jinglin/Documents/spiced_projects/dr-cloud-mnt/data/deepdr/regular_fundus_images/regular-fundus-validation/Images/337/337_l1.jpg,1
145,/Users/jinglin/Documents/spiced_projects/dr-cloud-mnt/data/deepdr/regular_fundus_images/regular-fundus-validation/Images/337/337_l2.jpg,1
146,/Users/jinglin/Documents/spiced_projects/dr-cloud-mnt/data/deepdr/regular_fundus_images/regular-fundus-validation/Images/337/337_r1.jpg,1
147,/Users/jinglin/Documents/spiced_projects/dr-cloud-mnt/data/deepdr/regular_fundus_images/regular-fundus-validation/Images/337/337_r2.jpg,1
148,/Users/jinglin/Documents/spiced_projects/dr-cloud-mnt/data/deepdr/regular_fundus_images/regular-fundus-validation/Images/338/338_l1.jpg,0
149,/Users/jinglin/Documents/spiced_projects/dr-cloud-mnt/data/deepdr/regular_fundus_images/regular-fundus-validation/Images/338/338_l2.jpg,0
150,/Users/jinglin/Documents/spiced_projects/dr-cloud-mnt/data/deepdr/regular_fundus_images/regular-fundus-validation/Images/338/338_r1.jpg,1
151,/Users/jinglin/Documents/spiced_projects/dr-cloud-mnt/data/deepdr/regular_fundus_images/regular-fundus-validation/Images/338/338_r2.jpg,1
152,/Users/jinglin/Documents/spiced_projects/dr-cloud-mnt/data/deepdr/regular_fundus_images/regular-fundus-validation/Images/339/339_l1.jpg,1
153,/Users/jinglin/Documents/spiced_projects/dr-cloud-mnt/data/deepdr/regular_fundus_images/regular-fundus-validation/Images/339/339_l2.jpg,1
154,/Users/jinglin/Documents/spiced_projects/dr-cloud-mnt/data/deepdr/regular_fundus_images/regular-fundus-validation/Images/339/339_r1.jpg,1
155,/Users/jinglin/Documents/spiced_projects/dr-cloud-mnt/data/deepdr/regular_fundus_images/regular-fundus-validation/Images/339/339_r2.jpg,1
156,/Users/jinglin/Documents/spiced_projects/dr-cloud-mnt/data/deepdr/regular_fundus_images/regular-fundus-validation/Images/340/340_l1.jpg,0
157,/Users/jinglin/Documents/spiced_projects/dr-cloud-mnt/data/deepdr/regular_fundus_images/regular-fundus-validation/Images/340/340_l2.jpg,0
158,/Users/jinglin/Documents/spiced_projects/dr-cloud-mnt/data/deepdr/regular_fundus_images/regular-fundus-validation/Images/340/340_r1.jpg,0
159,/Users/jinglin/Documents/spiced_projects/dr-cloud-mnt/data/deepdr/regular_fundus_images/regular-fundus-validation/Images/340/340_r2.jpg,0
160,/Users/jinglin/Documents/spiced_projects/dr-cloud-mnt/data/deepdr/regular_fundus_images/regular-fundus-validation/Images/341/341_l1.jpg,1
161,/Users/jinglin/Documents/spiced_projects/dr-cloud-mnt/data/deepdr/regular_fundus_images/regular-fundus-validation/Images/341/341_l2.jpg,1
162,/Users/jinglin/Documents/spiced_projects/dr-cloud-mnt/data/deepdr/regular_fundus_images/regular-fundus-validation/Images/341/341_r1.jpg,1
163,/Users/jinglin/Documents/spiced_projects/dr-cloud-mnt/data/deepdr/regular_fundus_images/regular-fundus-validation/Images/341/341_r2.jpg,1
164,/Users/jinglin/Documents/spiced_projects/dr-cloud-mnt/data/deepdr/regular_fundus_images/regular-fundus-validation/Images/342/342_l1.jpg,0
165,/Users/jinglin/Documents/spiced_projects/dr-cloud-mnt/data/deepdr/regular_fundus_images/regular-fundus-validation/Images/342/342_l2.jpg,0
166,/Users/jinglin/Documents/spiced_projects/dr-cloud-mnt/data/deepdr/regular_fundus_images/regular-fundus-validation/Images/342/342_r1.jpg,0
167,/Users/jinglin/Documents/spiced_projects/dr-cloud-mnt/data/deepdr/regular_fundus_images/regular-fundus-validation/Images/342/342_r2.jpg,0
168,/Users/jinglin/Documents/spiced_projects/dr-cloud-mnt/data/deepdr/regular_fundus_images/regular-fundus-validation/Images/343/343_l1.jpg,1
169,/Users/jinglin/Documents/spiced_projects/dr-cloud-mnt/data/deepdr/regular_fundus_images/regular-fundus-validation/Images/343/343_l2.jpg,1
170,/Users/jinglin/Documents/spiced_projects/dr-cloud-mnt/data/deepdr/regular_fundus_images/regular-fundus-validation/Images/343/343_r1.jpg,1
171,/Users/jinglin/Documents/spiced_projects/dr-cloud-mnt/data/deepdr/regular_fundus_images/regular-fundus-validation/Images/343/343_r2.jpg,1
172,/Users/jinglin/Documents/spiced_projects/dr-cloud-mnt/data/deepdr/regular_fundus_images/regular-fundus-validation/Images/344/344_l1.jpg,0
173,/Users/jinglin/Documents/spiced_projects/dr-cloud-mnt/data/deepdr/regular_fundus_images/regular-fundus-validation/Images/344/344_l2.jpg,0
174,/Users/jinglin/Documents/spiced_projects/dr-cloud-mnt/data/deepdr/regular_fundus_images/regular-fundus-validation/Images/344/344_r1.jpg,0
175,/Users/jinglin/Documents/spiced_projects/dr-cloud-mnt/data/deepdr/regular_fundus_images/regular-fundus-validation/Images/344/344_r2.jpg,0
176,/Users/jinglin/Documents/spiced_projects/dr-cloud-mnt/data/deepdr/regular_fundus_images/regular-fundus-validation/Images/345/345_l1.jpg,1
177,/Users/jinglin/Documents/spiced_projects/dr-cloud-mnt/data/deepdr/regular_fundus_images/regular-fundus-validation/Images/345/345_l2.jpg,1
178,/Users/jinglin/Documents/spiced_projects/dr-cloud-mnt/data/deepdr/regular_fundus_images/regular-fundus-validation/Images/345/345_r1.jpg,0
179,/Users/jinglin/Documents/spiced_projects/dr-cloud-mnt/data/deepdr/regular_fundus_images/regular-fundus-validation/Images/345/345_r2.jpg,0
180,/Users/jinglin/Documents/spiced_projects/dr-cloud-mnt/data/deepdr/regular_fundus_images/regular-fundus-validation/Images/346/346_l1.jpg,1
181,/Users/jinglin/Documents/spiced_projects/dr-cloud-mnt/data/deepdr/regular_fundus_images/regular-fundus-validation/Images/346/346_l2.jpg,1
182,/Users/jinglin/Documents/spiced_projects/dr-cloud-mnt/data/deepdr/regular_fundus_images/regular-fundus-validation/Images/346/346_r1.jpg,0
183,/Users/jinglin/Documents/spiced_projects/dr-cloud-mnt/data/deepdr/regular_fundus_images/regular-fundus-validation/Images/346/346_r2.jpg,0
184,/Users/jinglin/Documents/spiced_projects/dr-cloud-mnt/data/deepdr/regular_fundus_images/regular-fundus-validation/Images/348/348_l1.jpg,0
185,/Users/jinglin/Documents/spiced_projects/dr-cloud-mnt/data/deepdr/regular_fundus_images/regular-fundus-validation/Images/348/348_l2.jpg,0
186,/Users/jinglin/Documents/spiced_projects/dr-cloud-mnt/data/deepdr/regular_fundus_images/regular-fundus-validation/Images/348/348_r1.jpg,1
187,/Users/jinglin/Documents/spiced_projects/dr-cloud-mnt/data/deepdr/regular_fundus_images/regular-fundus-validation/Images/348/348_r2.jpg,1
188,/Users/jinglin/Documents/spiced_projects/dr-cloud-mnt/data/deepdr/regular_fundus_images/regular-fundus-validation/Images/349/349_l1.jpg,1
189,/Users/jinglin/Documents/spiced_projects/dr-cloud-mnt/data/deepdr/regular_fundus_images/regular-fundus-validation/Images/349/349_l2.jpg,1
190,/Users/jinglin/Documents/spiced_projects/dr-cloud-mnt/data/deepdr/regular_fundus_images/regular-fundus-validation/Images/349/349_r1.jpg,1
191,/Users/jinglin/Documents/spiced_projects/dr-cloud-mnt/data/deepdr/regular_fundus_images/regular-fundus-validation/Images/349/349_r2.jpg,1
192,/Users/jinglin/Documents/spiced_projects/dr-cloud-mnt/data/deepdr/regular_fundus_images/regular-fundus-validation/Images/350/350_l1.jpg,0
193,/Users/jinglin/Documents/spiced_projects/dr-cloud-mnt/data/deepdr/regular_fundus_images/regular-fundus-validation/Images/350/350_l2.jpg,0
194,/Users/jinglin/Documents/spiced_projects/dr-cloud-mnt/data/deepdr/regular_fundus_images/regular-fundus-validation/Images/350/350_r1.jpg,0
195,/Users/jinglin/Documents/spiced_projects/dr-cloud-mnt/data/deepdr/regular_fundus_images/regular-fundus-validation/Images/350/350_r2.jpg,0
196,/Users/jinglin/Documents/spiced_projects/dr-cloud-mnt/data/deepdr/regular_fundus_images/regular-fundus-validation/Images/351/351_l1.jpg,0
197,/Users/jinglin/Documents/spiced_projects/dr-cloud-mnt/data/deepdr/regular_fundus_images/regular-fundus-validation/Images/351/351_l2.jpg,0
198,/Users/jinglin/Documents/spiced_projects/dr-cloud-mnt/data/deepdr/regular_fundus_images/regular-fundus-validation/Images/351/351_r1.jpg,1
199,/Users/jinglin/Documents/spiced_projects/dr-cloud-mnt/data/deepdr/regular_fundus_images/regular-fundus-validation/Images/351/351_r2.jpg,1
200,/Users/jinglin/Documents/spiced_projects/dr-cloud-mnt/data/deepdr/regular_fundus_images/regular-fundus-validation/Images/352/352_l1.jpg,0
201,/Users/jinglin/Documents/spiced_projects/dr-cloud-mnt/data/deepdr/regular_fundus_images/regular-fundus-validation/Images/352/352_l2.jpg,0
202,/Users/jinglin/Documents/spiced_projects/dr-cloud-mnt/data/deepdr/regular_fundus_images/regular-fundus-validation/Images/352/352_r1.jpg,0
203,/Users/jinglin/Documents/spiced_projects/dr-cloud-mnt/data/deepdr/regular_fundus_images/regular-fundus-validation/Images/352/352_r2.jpg,0
204,/Users/jinglin/Documents/spiced_projects/dr-cloud-mnt/data/deepdr/regular_fundus_images/regular-fundus-validation/Images/355/355_l1.jpg,1
205,/Users/jinglin/Documents/spiced_projects/dr-cloud-mnt/data/deepdr/regular_fundus_images/regular-fundus-validation/Images/355/355_l2.jpg,1
206,/Users/jinglin/Documents/spiced_projects/dr-cloud-mnt/data/deepdr/regular_fundus_images/regular-fundus-validation/Images/355/355_r1.jpg,0
207,/Users/jinglin/Documents/spiced_projects/dr-cloud-mnt/data/deepdr/regular_fundus_images/regular-fundus-validation/Images/355/355_r2.jpg,0
208,/Users/jinglin/Documents/spiced_projects/dr-cloud-mnt/data/deepdr/regular_fundus_images/regular-fundus-validation/Images/356/356_l1.jpg,1
209,/Users/jinglin/Documents/spiced_projects/dr-cloud-mnt/data/deepdr/regular_fundus_images/regular-fundus-validation/Images/356/356_l2.jpg,1
210,/Users/jinglin/Documents/spiced_projects/dr-cloud-mnt/data/deepdr/regular_fundus_images/regular-fundus-validation/Images/356/356_r1.jpg,1
211,/Users/jinglin/Documents/spiced_projects/dr-cloud-mnt/data/deepdr/regular_fundus_images/regular-fundus-validation/Images/356/356_r2.jpg,1
212,/Users/jinglin/Documents/spiced_projects/dr-cloud-mnt/data/deepdr/regular_fundus_images/regular-fundus-validation/Images/357/357_l1.jpg,1
213,/Users/jinglin/Documents/spiced_projects/dr-cloud-mnt/data/deepdr/regular_fundus_images/regular-fundus-validation/Images/357/357_l2.jpg,1
214,/Users/jinglin/Documents/spiced_projects/dr-cloud-mnt/data/deepdr/regular_fundus_images/regular-fundus-validation/Images/357/357_r1.jpg,0
215,/Users/jinglin/Documents/spiced_projects/dr-cloud-mnt/data/deepdr/regular_fundus_images/regular-fundus-validation/Images/357/357_r2.jpg,0
216,/Users/jinglin/Documents/spiced_projects/dr-cloud-mnt/data/deepdr/regular_fundus_images/regular-fundus-validation/Images/358/358_l1.jpg,0
217,/Users/jinglin/Documents/spiced_projects/dr-cloud-mnt/data/deepdr/regular_fundus_images/regular-fundus-validation/Images/358/358_l2.jpg,0
218,/Users/jinglin/Documents/spiced_projects/dr-cloud-mnt/data/deepdr/regular_fundus_images/regular-fundus-validation/Images/358/358_r1.jpg,0
219,/Users/jinglin/Documents/spiced_projects/dr-cloud-mnt/data/deepdr/regular_fundus_images/regular-fundus-validation/Images/358/358_r2.jpg,0
220,/Users/jinglin/Documents/spiced_projects/dr-cloud-mnt/data/deepdr/regular_fundus_images/regular-fundus-validation/Images/359/359_l1.jpg,0
221,/Users/jinglin/Documents/spiced_projects/dr-cloud-mnt/data/deepdr/regular_fundus_images/regular-fundus-validation/Images/359/359_l2.jpg,0
222,/Users/jinglin/Documents/spiced_projects/dr-cloud-mnt/data/deepdr/regular_fundus_images/regular-fundus-validation/Images/359/359_r1.jpg,0
223,/Users/jinglin/Documents/spiced_projects/dr-cloud-mnt/data/deepdr/regular_fundus_images/regular-fundus-validation/Images/359/359_r2.jpg,0
224,/Users/jinglin/Documents/spiced_projects/dr-cloud-mnt/data/deepdr/regular_fundus_images/regular-fundus-validation/Images/360/360_l1.jpg,1
225,/Users/jinglin/Documents/spiced_projects/dr-cloud-mnt/data/deepdr/regular_fundus_images/regular-fundus-validation/Images/360/360_l2.jpg,1
226,/Users/jinglin/Documents/spiced_projects/dr-cloud-mnt/data/deepdr/regular_fundus_images/regular-fundus-validation/Images/360/360_r1.jpg,1
227,/Users/jinglin/Documents/spiced_projects/dr-cloud-mnt/data/deepdr/regular_fundus_images/regular-fundus-validation/Images/360/360_r2.jpg,1
228,/Users/jinglin/Documents/spiced_projects/dr-cloud-mnt/data/deepdr/regular_fundus_images/regular-fundus-validation/Images/361/361_l1.jpg,1
229,/Users/jinglin/Documents/spiced_projects/dr-cloud-mnt/data/deepdr/regular_fundus_images/regular-fundus-validation/Images/361/361_l2.jpg,1
230,/Users/jinglin/Documents/spiced_projects/dr-cloud-mnt/data/deepdr/regular_fundus_images/regular-fundus-validation/Images/361/361_r1.jpg,0
231,/Users/jinglin/Documents/spiced_projects/dr-cloud-mnt/data/deepdr/regular_fundus_images/regular-fundus-validation/Images/361/361_r2.jpg,0
232,/Users/jinglin/Documents/spiced_projects/dr-cloud-mnt/data/deepdr/regular_fundus_images/regular-fundus-validation/Images/362/362_l1.jpg,1
233,/Users/jinglin/Documents/spiced_projects/dr-cloud-mnt/data/deepdr/regular_fundus_images/regular-fundus-validation/Images/362/362_l2.jpg,1
234,/Users/jinglin/Documents/spiced_projects/dr-cloud-mnt/data/deepdr/regular_fundus_images/regular-fundus-validation/Images/362/362_r1.jpg,1
235,/Users/jinglin/Documents/spiced_projects/dr-cloud-mnt/data/deepdr/regular_fundus_images/regular-fundus-validation/Images/362/362_r2.jpg,1
236,/Users/jinglin/Documents/spiced_projects/dr-cloud-mnt/data/deepdr/regular_fundus_images/regular-fundus-validation/Images/363/363_l1.jpg,0
237,/Users/jinglin/Documents/spiced_projects/dr-cloud-mnt/data/deepdr/regular_fundus_images/regular-fundus-validation/Images/363/363_l2.jpg,0
238,/Users/jinglin/Documents/spiced_projects/dr-cloud-mnt/data/deepdr/regular_fundus_images/regular-fundus-validation/Images/363/363_r1.jpg,1
239,/Users/jinglin/Documents/spiced_projects/dr-cloud-mnt/data/deepdr/regular_fundus_images/regular-fundus-validation/Images/363/363_r2.jpg,1
240,/Users/jinglin/Documents/spiced_projects/dr-cloud-mnt/data/deepdr/regular_fundus_images/regular-fundus-validation/Images/364/364_l1.jpg,1
241,/Users/jinglin/Documents/spiced_projects/dr-cloud-mnt/data/deepdr/regular_fundus_images/regular-fundus-validation/Images/364/364_l2.jpg,1
242,/Users/jinglin/Documents/spiced_projects/dr-cloud-mnt/data/deepdr/regular_fundus_images/regular-fundus-validation/Images/364/364_r1.jpg,1
243,/Users/jinglin/Documents/spiced_projects/dr-cloud-mnt/data/deepdr/regular_fundus_images/regular-fundus-validation/Images/364/364_r2.jpg,1
244,/Users/jinglin/Documents/spiced_projects/dr-cloud-mnt/data/deepdr/regular_fundus_images/regular-fundus-validation/Images/365/365_l1.jpg,0
245,/Users/jinglin/Documents/spiced_projects/dr-cloud-mnt/data/deepdr/regular_fundus_images/regular-fundus-validation/Images/365/365_l2.jpg,0
246,/Users/jinglin/Documents/spiced_projects/dr-cloud-mnt/data/deepdr/regular_fundus_images/regular-fundus-validation/Images/365/365_r1.jpg,1
247,/Users/jinglin/Documents/spiced_projects/dr-cloud-mnt/data/deepdr/regular_fundus_images/regular-fundus-validation/Images/365/365_r2.jpg,1
248,/Users/jinglin/Documents/spiced_projects/dr-cloud-mnt/data/deepdr/regular_fundus_images/regular-fundus-validation/Images/367/367_l1.jpg,1
249,/Users/jinglin/Documents/spiced_projects/dr-cloud-mnt/data/deepdr/regular_fundus_images/regular-fundus-validation/Images/367/367_l2.jpg,1
250,/Users/jinglin/Documents/spiced_projects/dr-cloud-mnt/data/deepdr/regular_fundus_images/regular-fundus-validation/Images/367/367_r1.jpg,1
251,/Users/jinglin/Documents/spiced_projects/dr-cloud-mnt/data/deepdr/regular_fundus_images/regular-fundus-validation/Images/367/367_r2.jpg,1
252,/Users/jinglin/Documents/spiced_projects/dr-cloud-mnt/data/deepdr/regular_fundus_images/regular-fundus-validation/Images/369/369_l1.jpg,1
253,/Users/jinglin/Documents/spiced_projects/dr-cloud-mnt/data/deepdr/regular_fundus_images/regular-fundus-validation/Images/369/369_l2.jpg,1
254,/Users/jinglin/Documents/spiced_projects/dr-cloud-mnt/data/deepdr/regular_fundus_images/regular-fundus-validation/Images/369/369_r1.jpg,0
255,/Users/jinglin/Documents/spiced_projects/dr-cloud-mnt/data/deepdr/regular_fundus_images/regular-fundus-validation/Images/369/369_r2.jpg,0
256,/Users/jinglin/Documents/spiced_projects/dr-cloud-mnt/data/deepdr/regular_fundus_images/regular-fundus-validation/Images/370/370_l1.jpg,0
257,/Users/jinglin/Documents/spiced_projects/dr-cloud-mnt/data/deepdr/regular_fundus_images/regular-fundus-validation/Images/370/370_l2.jpg,0
258,/Users/jinglin/Documents/spiced_projects/dr-cloud-mnt/data/deepdr/regular_fundus_images/regular-fundus-validation/Images/370/370_r1.jpg,0
259,/Users/jinglin/Documents/spiced_projects/dr-cloud-mnt/data/deepdr/regular_fundus_images/regular-fundus-validation/Images/370/370_r2.jpg,0
260,/Users/jinglin/Documents/spiced_projects/dr-cloud-mnt/data/deepdr/regular_fundus_images/regular-fundus-validation/Images/372/372_l1.jpg,1
261,/Users/jinglin/Documents/spiced_projects/dr-cloud-mnt/data/deepdr/regular_fundus_images/regular-fundus-validation/Images/372/372_l2.jpg,1
262,/Users/jinglin/Documents/spiced_projects/dr-cloud-mnt/data/deepdr/regular_fundus_images/regular-fundus-validation/Images/372/372_r1.jpg,1
263,/Users/jinglin/Documents/spiced_projects/dr-cloud-mnt/data/deepdr/regular_fundus_images/regular-fundus-validation/Images/372/372_r2.jpg,1
264,/Users/jinglin/Documents/spiced_projects/dr-cloud-mnt/data/deepdr/regular_fundus_images/regular-fundus-validation/Images/373/373_l1.jpg,0
265,/Users/jinglin/Documents/spiced_projects/dr-cloud-mnt/data/deepdr/regular_fundus_images/regular-fundus-validation/Images/373/373_l2.jpg,0
266,/Users/jinglin/Documents/spiced_projects/dr-cloud-mnt/data/deepdr/regular_fundus_images/regular-fundus-validation/Images/373/373_r1.jpg,0
267,/Users/jinglin/Documents/spiced_projects/dr-cloud-mnt/data/deepdr/regular_fundus_images/regular-fundus-validation/Images/373/373_r2.jpg,0
268,/Users/jinglin/Documents/spiced_projects/dr-cloud-mnt/data/deepdr/regular_fundus_images/regular-fundus-validation/Images/374/374_l1.jpg,1
269,/Users/jinglin/Documents/spiced_projects/dr-cloud-mnt/data/deepdr/regular_fundus_images/regular-fundus-validation/Images/374/374_l2.jpg,1
270,/Users/jinglin/Documents/spiced_projects/dr-cloud-mnt/data/deepdr/regular_fundus_images/regular-fundus-validation/Images/374/374_r1.jpg,0
271,/Users/jinglin/Documents/spiced_projects/dr-cloud-mnt/data/deepdr/regular_fundus_images/regular-fundus-validation/Images/374/374_r2.jpg,0
272,/Users/jinglin/Documents/spiced_projects/dr-cloud-mnt/data/deepdr/regular_fundus_images/regular-fundus-validation/Images/375/375_l1.jpg,1
273,/Users/jinglin/Documents/spiced_projects/dr-cloud-mnt/data/deepdr/regular_fundus_images/regular-fundus-validation/Images/375/375_l2.jpg,1
274,/Users/jinglin/Documents/spiced_projects/dr-cloud-mnt/data/deepdr/regular_fundus_images/regular-fundus-validation/Images/375/375_r1.jpg,0
275,/Users/jinglin/Documents/spiced_projects/dr-cloud-mnt/data/deepdr/regular_fundus_images/regular-fundus-validation/Images/375/375_r2.jpg,0
276,/Users/jinglin/Documents/spiced_projects/dr-cloud-mnt/data/deepdr/regular_fundus_images/regular-fundus-validation/Images/376/376_l1.jpg,1
277,/Users/jinglin/Documents/spiced_projects/dr-cloud-mnt/data/deepdr/regular_fundus_images/regular-fundus-validation/Images/376/376_l2.jpg,1
278,/Users/jinglin/Documents/spiced_projects/dr-cloud-mnt/data/deepdr/regular_fundus_images/regular-fundus-validation/Images/376/376_r1.jpg,1
279,/Users/jinglin/Documents/spiced_projects/dr-cloud-mnt/data/deepdr/regular_fundus_images/regular-fundus-validation/Images/376/376_r2.jpg,1
280,/Users/jinglin/Documents/spiced_projects/dr-cloud-mnt/data/deepdr/regular_fundus_images/regular-fundus-validation/Images/378/378_l1.jpg,1
281,/Users/jinglin/Documents/spiced_projects/dr-cloud-mnt/data/deepdr/regular_fundus_images/regular-fundus-validation/Images/378/378_l2.jpg,1
282,/Users/jinglin/Documents/spiced_projects/dr-cloud-mnt/data/deepdr/regular_fundus_images/regular-fundus-validation/Images/378/378_r1.jpg,0
283,/Users/jinglin/Documents/spiced_projects/dr-cloud-mnt/data/deepdr/regular_fundus_images/regular-fundus-validation/Images/378/378_r2.jpg,0
284,/Users/jinglin/Documents/spiced_projects/dr-cloud-mnt/data/deepdr/regular_fundus_images/regular-fundus-validation/Images/379/379_l1.jpg,0
285,/Users/jinglin/Documents/spiced_projects/dr-cloud-mnt/data/deepdr/regular_fundus_images/regular-fundus-validation/Images/379/379_l2.jpg,0
286,/Users/jinglin/Documents/spiced_projects/dr-cloud-mnt/data/deepdr/regular_fundus_images/regular-fundus-validation/Images/379/379_r1.jpg,0
287,/Users/jinglin/Documents/spiced_projects/dr-cloud-mnt/data/deepdr/regular_fundus_images/regular-fundus-validation/Images/379/379_r2.jpg,0
288,/Users/jinglin/Documents/spiced_projects/dr-cloud-mnt/data/deepdr/regular_fundus_images/regular-fundus-validation/Images/380/380_l1.jpg,0
289,/Users/jinglin/Documents/spiced_projects/dr-cloud-mnt/data/deepdr/regular_fundus_images/regular-fundus-validation/Images/380/380_l2.jpg,0
290,/Users/jinglin/Documents/spiced_projects/dr-cloud-mnt/data/deepdr/regular_fundus_images/regular-fundus-validation/Images/380/380_r1.jpg,0
291,/Users/jinglin/Documents/spiced_projects/dr-cloud-mnt/data/deepdr/regular_fundus_images/regular-fundus-validation/Images/380/380_r2.jpg,0
292,/Users/jinglin/Documents/spiced_projects/dr-cloud-mnt/data/deepdr/regular_fundus_images/regular-fundus-validation/Images/381/381_l1.jpg,1
293,/Users/jinglin/Documents/spiced_projects/dr-cloud-mnt/data/deepdr/regular_fundus_images/regular-fundus-validation/Images/381/381_l2.jpg,1
294,/Users/jinglin/Documents/spiced_projects/dr-cloud-mnt/data/deepdr/regular_fundus_images/regular-fundus-validation/Images/381/381_r1.jpg,1
295,/Users/jinglin/Documents/spiced_projects/dr-cloud-mnt/data/deepdr/regular_fundus_images/regular-fundus-validation/Images/381/381_r2.jpg,1
296,/Users/jinglin/Documents/spiced_projects/dr-cloud-mnt/data/deepdr/regular_fundus_images/regular-fundus-validation/Images/382/382_l1.jpg,1
297,/Users/jinglin/Documents/spiced_projects/dr-cloud-mnt/data/deepdr/regular_fundus_images/regular-fundus-validation/Images/382/382_l2.jpg,1
298,/Users/jinglin/Documents/spiced_projects/dr-cloud-mnt/data/deepdr/regular_fundus_images/regular-fundus-validation/Images/382/382_r1.jpg,1
299,/Users/jinglin/Documents/spiced_projects/dr-cloud-mnt/data/deepdr/regular_fundus_images/regular-fundus-validation/Images/382/382_r2.jpg,1
300,/Users/jinglin/Documents/spiced_projects/dr-cloud-mnt/data/deepdr/regular_fundus_images/regular-fundus-validation/Images/385/385_l1.jpg,1
301,/Users/jinglin/Documents/spiced_projects/dr-cloud-mnt/data/deepdr/regular_fundus_images/regular-fundus-validation/Images/385/385_l2.jpg,1
302,/Users/jinglin/Documents/spiced_projects/dr-cloud-mnt/data/deepdr/regular_fundus_images/regular-fundus-validation/Images/385/385_r1.jpg,0
303,/Users/jinglin/Documents/spiced_projects/dr-cloud-mnt/data/deepdr/regular_fundus_images/regular-fundus-validation/Images/385/385_r2.jpg,0
304,/Users/jinglin/Documents/spiced_projects/dr-cloud-mnt/data/deepdr/regular_fundus_images/regular-fundus-validation/Images/388/388_l1.jpg,0
305,/Users/jinglin/Documents/spiced_projects/dr-cloud-mnt/data/deepdr/regular_fundus_images/regular-fundus-validation/Images/388/388_l2.jpg,0
306,/Users/jinglin/Documents/spiced_projects/dr-cloud-mnt/data/deepdr/regular_fundus_images/regular-fundus-validation/Images/388/388_r1.jpg,1
307,/Users/jinglin/Documents/spiced_projects/dr-cloud-mnt/data/deepdr/regular_fundus_images/regular-fundus-validation/Images/388/388_r2.jpg,1
308,/Users/jinglin/Documents/spiced_projects/dr-cloud-mnt/data/deepdr/regular_fundus_images/regular-fundus-validation/Images/390/390_l1.jpg,0
309,/Users/jinglin/Documents/spiced_projects/dr-cloud-mnt/data/deepdr/regular_fundus_images/regular-fundus-validation/Images/390/390_l2.jpg,0
310,/Users/jinglin/Documents/spiced_projects/dr-cloud-mnt/data/deepdr/regular_fundus_images/regular-fundus-validation/Images/390/390_r1.jpg,0
311,/Users/jinglin/Documents/spiced_projects/dr-cloud-mnt/data/deepdr/regular_fundus_images/regular-fundus-validation/Images/390/390_r2.jpg,0
312,/Users/jinglin/Documents/spiced_projects/dr-cloud-mnt/data/deepdr/regular_fundus_images/regular-fundus-validation/Images/392/392_l1.jpg,1
313,/Users/jinglin/Documents/spiced_projects/dr-cloud-mnt/data/deepdr/regular_fundus_images/regular-fundus-validation/Images/392/392_l2.jpg,1
314,/Users/jinglin/Documents/spiced_projects/dr-cloud-mnt/data/deepdr/regular_fundus_images/regular-fundus-validation/Images/392/392_r1.jpg,1
315,/Users/jinglin/Documents/spiced_projects/dr-cloud-mnt/data/deepdr/regular_fundus_images/regular-fundus-validation/Images/392/392_r2.jpg,1
316,/Users/jinglin/Documents/spiced_projects/dr-cloud-mnt/data/deepdr/regular_fundus_images/regular-fundus-validation/Images/393/393_l1.jpg,1
317,/Users/jinglin/Documents/spiced_projects/dr-cloud-mnt/data/deepdr/regular_fundus_images/regular-fundus-validation/Images/393/393_l2.jpg,1
318,/Users/jinglin/Documents/spiced_projects/dr-cloud-mnt/data/deepdr/regular_fundus_images/regular-fundus-validation/Images/393/393_r1.jpg,0
319,/Users/jinglin/Documents/spiced_projects/dr-cloud-mnt/data/deepdr/regular_fundus_images/regular-fundus-validation/Images/393/393_r2.jpg,0
320,/Users/jinglin/Documents/spiced_projects/dr-cloud-mnt/data/deepdr/regular_fundus_images/regular-fundus-validation/Images/394/394_l1.jpg,1
321,/Users/jinglin/Documents/spiced_projects/dr-cloud-mnt/data/deepdr/regular_fundus_images/regular-fundus-validation/Images/394/394_l2.jpg,1
322,/Users/jinglin/Documents/spiced_projects/dr-cloud-mnt/data/deepdr/regular_fundus_images/regular-fundus-validation/Images/394/394_r1.jpg,1
323,/Users/jinglin/Documents/spiced_projects/dr-cloud-mnt/data/deepdr/regular_fundus_images/regular-fundus-validation/Images/394/394_r2.jpg,1
324,/Users/jinglin/Documents/spiced_projects/dr-cloud-mnt/data/deepdr/regular_fundus_images/regular-fundus-validation/Images/395/395_l1.jpg,0
325,/Users/jinglin/Documents/spiced_projects/dr-cloud-mnt/data/deepdr/regular_fundus_images/regular-fundus-validation/Images/395/395_l2.jpg,0
326,/Users/jinglin/Documents/spiced_projects/dr-cloud-mnt/data/deepdr/regular_fundus_images/regular-fundus-validation/Images/395/395_r1.jpg,0
327,/Users/jinglin/Documents/spiced_projects/dr-cloud-mnt/data/deepdr/regular_fundus_images/regular-fundus-validation/Images/395/395_r2.jpg,0
328,/Users/jinglin/Documents/spiced_projects/dr-cloud-mnt/data/deepdr/regular_fundus_images/regular-fundus-validation/Images/397/397_l1.jpg,0
329,/Users/jinglin/Documents/spiced_projects/dr-cloud-mnt/data/deepdr/regular_fundus_images/regular-fundus-validation/Images/397/397_l2.jpg,0
330,/Users/jinglin/Documents/spiced_projects/dr-cloud-mnt/data/deepdr/regular_fundus_images/regular-fundus-validation/Images/397/397_r1.jpg,0
331,/Users/jinglin/Documents/spiced_projects/dr-cloud-mnt/data/deepdr/regular_fundus_images/regular-fundus-validation/Images/397/397_r2.jpg,0
332,/Users/jinglin/Documents/spiced_projects/dr-cloud-mnt/data/deepdr/regular_fundus_images/regular-fundus-validation/Images/399/399_l1.jpg,0
333,/Users/jinglin/Documents/spiced_projects/dr-cloud-mnt/data/deepdr/regular_fundus_images/regular-fundus-validation/Images/399/399_l2.jpg,0
334,/Users/jinglin/Documents/spiced_projects/dr-cloud-mnt/data/deepdr/regular_fundus_images/regular-fundus-validation/Images/399/399_r1.jpg,0
335,/Users/jinglin/Documents/spiced_projects/dr-cloud-mnt/data/deepdr/regular_fundus_images/regular-fundus-validation/Images/399/399_r2.jpg,0
336,/Users/jinglin/Documents/spiced_projects/dr-cloud-mnt/data/deepdr/regular_fundus_images/regular-fundus-validation/Images/400/400_l1.jpg,0
337,/Users/jinglin/Documents/spiced_projects/dr-cloud-mnt/data/deepdr/regular_fundus_images/regular-fundus-validation/Images/400/400_l2.jpg,0
338,/Users/jinglin/Documents/spiced_projects/dr-cloud-mnt/data/deepdr/regular_fundus_images/regular-fundus-validation/Images/400/400_r1.jpg,0
339,/Users/jinglin/Documents/spiced_projects/dr-cloud-mnt/data/deepdr/regular_fundus_images/regular-fundus-validation/Images/400/400_r2.jpg,0
340,/Users/jinglin/Documents/spiced_projects/dr-cloud-mnt/data/deepdr/regular_fundus_images/regular-fundus-validation/Images/401/401_l1.jpg,0
341,/Users/jinglin/Documents/spiced_projects/dr-cloud-mnt/data/deepdr/regular_fundus_images/regular-fundus-validation/Images/401/401_l2.jpg,0
342,/Users/jinglin/Documents/spiced_projects/dr-cloud-mnt/data/deepdr/regular_fundus_images/regular-fundus-validation/Images/401/401_r1.jpg,0
343,/Users/jinglin/Documents/spiced_projects/dr-cloud-mnt/data/deepdr/regular_fundus_images/regular-fundus-validation/Images/401/401_r2.jpg,0
344,/Users/jinglin/Documents/spiced_projects/dr-cloud-mnt/data/deepdr/regular_fundus_images/regular-fundus-validation/Images/402/402_l1.jpg,0
345,/Users/jinglin/Documents/spiced_projects/dr-cloud-mnt/data/deepdr/regular_fundus_images/regular-fundus-validation/Images/402/402_l2.jpg,0
346,/Users/jinglin/Documents/spiced_projects/dr-cloud-mnt/data/deepdr/regular_fundus_images/regular-fundus-validation/Images/402/402_r1.jpg,1
347,/Users/jinglin/Documents/spiced_projects/dr-cloud-mnt/data/deepdr/regular_fundus_images/regular-fundus-validation/Images/402/402_r2.jpg,1
348,/Users/jinglin/Documents/spiced_projects/dr-cloud-mnt/data/deepdr/regular_fundus_images/regular-fundus-validation/Images/404/404_l1.jpg,1
349,/Users/jinglin/Documents/spiced_projects/dr-cloud-mnt/data/deepdr/regular_fundus_images/regular-fundus-validation/Images/404/404_l2.jpg,1
350,/Users/jinglin/Documents/spiced_projects/dr-cloud-mnt/data/deepdr/regular_fundus_images/regular-fundus-validation/Images/404/404_r1.jpg,1
351,/Users/jinglin/Documents/spiced_projects/dr-cloud-mnt/data/deepdr/regular_fundus_images/regular-fundus-validation/Images/404/404_r2.jpg,1
352,/Users/jinglin/Documents/spiced_projects/dr-cloud-mnt/data/deepdr/regular_fundus_images/regular-fundus-validation/Images/405/405_l1.jpg,0
353,/Users/jinglin/Documents/spiced_projects/dr-cloud-mnt/data/deepdr/regular_fundus_images/regular-fundus-validation/Images/405/405_l2.jpg,0
354,/Users/jinglin/Documents/spiced_projects/dr-cloud-mnt/data/deepdr/regular_fundus_images/regular-fundus-validation/Images/405/405_r1.jpg,1
355,/Users/jinglin/Documents/spiced_projects/dr-cloud-mnt/data/deepdr/regular_fundus_images/regular-fundus-validation/Images/405/405_r2.jpg,1
356,/Users/jinglin/Documents/spiced_projects/dr-cloud-mnt/data/deepdr/regular_fundus_images/regular-fundus-validation/Images/406/406_l1.jpg,0
357,/Users/jinglin/Documents/spiced_projects/dr-cloud-mnt/data/deepdr/regular_fundus_images/regular-fundus-validation/Images/406/406_l2.jpg,0
358,/Users/jinglin/Documents/spiced_projects/dr-cloud-mnt/data/deepdr/regular_fundus_images/regular-fundus-validation/Images/406/406_r1.jpg,0
359,/Users/jinglin/Documents/spiced_projects/dr-cloud-mnt/data/deepdr/regular_fundus_images/regular-fundus-validation/Images/406/406_r2.jpg,0
360,/Users/jinglin/Documents/spiced_projects/dr-cloud-mnt/data/deepdr/regular_fundus_images/regular-fundus-validation/Images/407/407_l1.jpg,1
361,/Users/jinglin/Documents/spiced_projects/dr-cloud-mnt/data/deepdr/regular_fundus_images/regular-fundus-validation/Images/407/407_l2.jpg,1
362,/Users/jinglin/Documents/spiced_projects/dr-cloud-mnt/data/deepdr/regular_fundus_images/regular-fundus-validation/Images/407/407_r1.jpg,0
363,/Users/jinglin/Documents/spiced_projects/dr-cloud-mnt/data/deepdr/regular_fundus_images/regular-fundus-validation/Images/407/407_r2.jpg,0
364,/Users/jinglin/Documents/spiced_projects/dr-cloud-mnt/data/deepdr/regular_fundus_images/regular-fundus-validation/Images/410/410_l1.jpg,1
365,/Users/jinglin/Documents/spiced_projects/dr-cloud-mnt/data/deepdr/regular_fundus_images/regular-fundus-validation/Images/410/410_l2.jpg,1
366,/Users/jinglin/Documents/spiced_projects/dr-cloud-mnt/data/deepdr/regular_fundus_images/regular-fundus-validation/Images/410/410_r1.jpg,0
367,/Users/jinglin/Documents/spiced_projects/dr-cloud-mnt/data/deepdr/regular_fundus_images/regular-fundus-validation/Images/410/410_r2.jpg,0
368,/Users/jinglin/Documents/spiced_projects/dr-cloud-mnt/data/deepdr/regular_fundus_images/regular-fundus-validation/Images/413/413_l1.jpg,0
369,/Users/jinglin/Documents/spiced_projects/dr-cloud-mnt/data/deepdr/regular_fundus_images/regular-fundus-validation/Images/413/413_l2.jpg,0
370,/Users/jinglin/Documents/spiced_projects/dr-cloud-mnt/data/deepdr/regular_fundus_images/regular-fundus-validation/Images/413/413_r1.jpg,1
371,/Users/jinglin/Documents/spiced_projects/dr-cloud-mnt/data/deepdr/regular_fundus_images/regular-fundus-validation/Images/413/413_r2.jpg,1
372,/Users/jinglin/Documents/spiced_projects/dr-cloud-mnt/data/deepdr/regular_fundus_images/regular-fundus-validation/Images/414/414_l1.jpg,1
373,/Users/jinglin/Documents/spiced_projects/dr-cloud-mnt/data/deepdr/regular_fundus_images/regular-fundus-validation/Images/414/414_l2.jpg,1
374,/Users/jinglin/Documents/spiced_projects/dr-cloud-mnt/data/deepdr/regular_fundus_images/regular-fundus-validation/Images/414/414_r1.jpg,0
375,/Users/jinglin/Documents/spiced_projects/dr-cloud-mnt/data/deepdr/regular_fundus_images/regular-fundus-validation/Images/414/414_r2.jpg,0
376,/Users/jinglin/Documents/spiced_projects/dr-cloud-mnt/data/deepdr/regular_fundus_images/regular-fundus-validation/Images/415/415_l1.jpg,1
377,/Users/jinglin/Documents/spiced_projects/dr-cloud-mnt/data/deepdr/regular_fundus_images/regular-fundus-validation/Images/415/415_l2.jpg,1
378,/Users/jinglin/Documents/spiced_projects/dr-cloud-mnt/data/deepdr/regular_fundus_images/regular-fundus-validation/Images/415/415_r1.jpg,1
379,/Users/jinglin/Documents/spiced_projects/dr-cloud-mnt/data/deepdr/regular_fundus_images/regular-fundus-validation/Images/415/415_r2.jpg,1
380,/Users/jinglin/Documents/spiced_projects/dr-cloud-mnt/data/deepdr/regular_fundus_images/regular-fundus-validation/Images/416/416_l1.jpg,1
381,/Users/jinglin/Documents/spiced_projects/dr-cloud-mnt/data/deepdr/regular_fundus_images/regular-fundus-validation/Images/416/416_l2.jpg,1
382,/Users/jinglin/Documents/spiced_projects/dr-cloud-mnt/data/deepdr/regular_fundus_images/regular-fundus-validation/Images/416/416_r1.jpg,1
383,/Users/jinglin/Documents/spiced_projects/dr-cloud-mnt/data/deepdr/regular_fundus_images/regular-fundus-validation/Images/416/416_r2.jpg,1
384,/Users/jinglin/Documents/spiced_projects/dr-cloud-mnt/data/deepdr/regular_fundus_images/regular-fundus-validation/Images/422/422_l1.jpg,1
385,/Users/jinglin/Documents/spiced_projects/dr-cloud-mnt/data/deepdr/regular_fundus_images/regular-fundus-validation/Images/422/422_l2.jpg,1
386,/Users/jinglin/Documents/spiced_projects/dr-cloud-mnt/data/deepdr/regular_fundus_images/regular-fundus-validation/Images/422/422_r1.jpg,1
387,/Users/jinglin/Documents/spiced_projects/dr-cloud-mnt/data/deepdr/regular_fundus_images/regular-fundus-validation/Images/422/422_r2.jpg,1
388,/Users/jinglin/Documents/spiced_projects/dr-cloud-mnt/data/deepdr/regular_fundus_images/regular-fundus-validation/Images/430/430_l1.jpg,0
389,/Users/jinglin/Documents/spiced_projects/dr-cloud-mnt/data/deepdr/regular_fundus_images/regular-fundus-validation/Images/430/430_l2.jpg,0
390,/Users/jinglin/Documents/spiced_projects/dr-cloud-mnt/data/deepdr/regular_fundus_images/regular-fundus-validation/Images/430/430_r1.jpg,1
391,/Users/jinglin/Documents/spiced_projects/dr-cloud-mnt/data/deepdr/regular_fundus_images/regular-fundus-validation/Images/430/430_r2.jpg,1
392,/Users/jinglin/Documents/spiced_projects/dr-cloud-mnt/data/deepdr/regular_fundus_images/regular-fundus-validation/Images/431/431_l1.jpg,0
393,/Users/jinglin/Documents/spiced_projects/dr-cloud-mnt/data/deepdr/regular_fundus_images/regular-fundus-validation/Images/431/431_l2.jpg,0
394,/Users/jinglin/Documents/spiced_projects/dr-cloud-mnt/data/deepdr/regular_fundus_images/regular-fundus-validation/Images/431/431_r1.jpg,0
395,/Users/jinglin/Documents/spiced_projects/dr-cloud-mnt/data/deepdr/regular_fundus_images/regular-fundus-validation/Images/431/431_r2.jpg,0
396,/Users/jinglin/Documents/spiced_projects/dr-cloud-mnt/data/deepdr/regular_fundus_images/regular-fundus-validation/Images/433/433_l1.jpg,0
397,/Users/jinglin/Documents/spiced_projects/dr-cloud-mnt/data/deepdr/regular_fundus_images/regular-fundus-validation/Images/433/433_l2.jpg,0
398,/Users/jinglin/Documents/spiced_projects/dr-cloud-mnt/data/deepdr/regular_fundus_images/regular-fundus-validation/Images/433/433_r1.jpg,0
399,/Users/jinglin/Documents/spiced_projects/dr-cloud-mnt/data/deepdr/regular_fundus_images/regular-fundus-validation/Images/433/433_r2.jpg,0
